{
    "L1": {
        "70-80": 0.262964921933659,
        "80-90": 0.216035835002184,
        "90-100": 0.130074879845758,
        "100-105": 0.0236523774227818,
        "105-110": 0.0151403736216295,
        "110-115": 0.0019682951612066,
        "115-120": 0.0113260869900787,
        "120-125": 0.0030351255903897,
        "125-130": 0.0298152487182162,
        "130-135": 0.0549843012006198,
        "135-140": 0.074765499385175,
        "140-145": 0.0072031439666788,
        "145-150": 0.0217890886049932,
        "150-155": 0.0,
        "155-160": 0.0197358150670155,
        "160-165": 0.0318286242270655,
        "165-170": 0.0008900244748279,
        "170-175": 0.0,
        "175-180": 0.0296904612745263,
        "180-185": 0.0236757005802093,
        "185-190": 0.008089523628561,
        "190-195": 0.0,
        "195-200": 0.0,
        "200-205": 0.0,
        "205-210": 0.0,
        "210-220": 0.0,
        "220-230": 0.0067418657105055,
        "230-240": 0.0112305241565048,
        "240-250": 0.0065065938221747,
        "250-260": 0.0004928497164023,
        "260-270": 0.0005045343274116,
        "270-280": 0.0001113638133903,
        "280-290": 0.0,
        "290-300": 0.0016039926331263,
        "300-310": 0.0032998616018111,
        "310-320": 0.001734302159413,
        "320-330": 0.0004593405021194,
        "330-340": 0.0,
        "340-350": 0.0006494448615654,
        "350-700": 0.0
    },
    "L2": {
        "70-80": 0.001601984633648,
        "80-90": 0.0586240103138212,
        "90-100": 0.155116782904395,
        "100-105": 0.120401622256376,
        "105-110": 0.122193101650891,
        "110-115": 0.14583966779189,
        "115-120": 0.117248057317685,
        "120-125": 0.138486998643973,
        "125-130": 0.0573734343908269,
        "130-135": 0.0144773470906585,
        "135-140": 0.0,
        "140-145": 0.0080238489075824,
        "145-150": 0.0,
        "150-155": 0.0126783932029199,
        "155-160": 0.0238574775641483,
        "160-165": 0.0,
        "165-170": 0.0,
        "170-175": 0.0104994412136775,
        "175-180": 0.0,
        "180-185": 0.0020304307891121,
        "185-190": 0.0,
        "190-195": 0.0007517376158042,
        "195-200": 0.0005464113628599,
        "200-205": 0.0,
        "205-210": 0.0,
        "210-220": 0.0,
        "220-230": 0.0,
        "230-240": 0.0002326064597675,
        "240-250": 0.0023655642006736,
        "250-260": 0.0042496583644779,
        "260-270": 0.0013580647303037,
        "270-280": 0.0,
        "280-290": 0.0,
        "290-300": 0.0001096478789856,
        "300-310": 0.0,
        "310-320": 0.0,
        "320-330": 0.0010509375709513,
        "330-340": 0.0008827731445721,
        "340-350": 0.0,
        "350-700": 0.0
    },
    "L3": {
        "70-80": 0.0001527568230884,
        "80-90": 0.0,
        "90-100": 0.0,
        "100-105": 0.0016841063902406,
        "105-110": 0.0042402915776332,
        "110-115": 0.020596846856996,
        "115-120": 0.0349546357575225,
        "120-125": 0.0781482019085928,
        "125-130": 0.122383288326566,
        "130-135": 0.21976808202759,
        "135-140": 0.190816807102386,
        "140-145": 0.150649181787947,
        "145-150": 0.116472270612034,
        "150-155": 0.0338386043633476,
        "155-160": 0.0,
        "160-165": 0.0,
        "165-170": 0.0,
        "170-175": 0.0,
        "175-180": 0.0057524176182112,
        "180-185": 0.0,
        "185-190": 0.0038379153419134,
        "190-195": 6.00013656768392e-05,
        "195-200": 0.0019247338859529,
        "200-205": 0.0005005237410525,
        "205-210": 0.0006570638999096,
        "210-220": 0.0004174426714127,
        "220-230": 3.42829432564813e-05,
        "230-240": 0.0,
        "240-250": 0.0,
        "250-260": 0.0009138617567638,
        "260-270": 0.0034860884128452,
        "270-280": 0.0044424297157745,
        "280-290": 0.0026665109561922,
        "290-300": 0.0,
        "300-310": 0.0,
        "310-320": 0.0009774209868986,
        "320-330": 0.0006242331701947,
        "330-340": 0.0,
        "340-350": 0.0,
        "350-700": 0.0
    },
    "L4": {
        "70-80": 0.0008432757913878,
        "80-90": 0.0,
        "90-100": 0.0,
        "100-105": 0.0006549276708202,
        "105-110": 0.0,
        "110-115": 0.0,
        "115-120": 0.0,
        "120-125": 0.0106717059182745,
        "125-130": 0.0,
        "130-135": 0.0480327050917485,
        "135-140": 0.0840013254741731,
        "140-145": 0.206384711492041,
        "145-150": 0.23986003747984,
        "150-155": 0.267989232888084,
        "155-160": 0.124554303656023,
        "160-165": 0.0,
        "165-170": 0.0017166947394605,
        "170-175": 0.0,
        "175-180": 0.0013923021183276,
        "180-185": 0.0048191027022614,
        "185-190": 0.0,
        "190-195": 0.0064269191820431,
        "195-200": 0.0,
        "200-205": 0.0020485375631494,
        "205-210": 0.0,
        "210-220": 0.0001885815451705,
        "220-230": 0.0,
        "230-240": 0.0,
        "240-250": 0.0,
        "250-260": 0.0,
        "260-270": 0.0,
        "270-280": 0.0,
        "280-290": 0.0002087032601285,
        "290-300": 0.000206933427065,
        "300-310": 0.0,
        "310-320": 0.0,
        "320-330": 0.0,
        "330-340": 0.0,
        "340-350": 0.0,
        "350-700": 0.0
    },
    "L5": {
        "70-80": 0.0005671525849352,
        "80-90": 0.0,
        "90-100": 0.0,
        "100-105": 0.0001031298940499,
        "105-110": 0.0007019125548212,
        "110-115": 0.0003374744781893,
        "115-120": 0.0021589992340862,
        "120-125": 0.0053434360322639,
        "125-130": 0.0074991027710334,
        "130-135": 0.0243582630650356,
        "135-140": 0.0396224510004132,
        "140-145": 0.0681508922789247,
        "145-150": 0.0821404628379514,
        "150-155": 0.109932918568988,
        "155-160": 0.144367579969699,
        "160-165": 0.195987566130379,
        "165-170": 0.179803828932676,
        "170-175": 0.082771706370434,
        "175-180": 0.0283569806510875,
        "180-185": 0.0058890614161542,
        "185-190": 0.0003435979819708,
        "190-195": 0.0,
        "195-200": 0.0005988348106488,
        "200-205": 0.0006710524561336,
        "205-210": 0.0008626847182649,
        "210-220": 0.0009499848086882,
        "220-230": 0.0002447634266256,
        "230-240": 0.0001873091051073,
        "240-250": 0.0001657732158325,
        "250-260": 0.0,
        "260-270": 0.0001490511158668,
        "270-280": 0.000853332851218,
        "280-290": 0.0023294269288251,
        "290-300": 0.0046718620732604,
        "300-310": 0.0051327196030563,
        "310-320": 0.0021280151319394,
        "320-330": 0.0,
        "330-340": 0.0004563068744884,
        "340-350": 0.0013895052564602,
        "350-700": 0.0007728608704916
    },
    "L6": {
        "70-80": 0.0003245164693398,
        "80-90": 0.0002347798126012,
        "90-100": 0.0,
        "100-105": 0.0,
        "105-110": 0.0,
        "110-115": 0.0,
        "115-120": 0.0001878311395366,
        "120-125": 0.0008886548155263,
        "125-130": 0.0008024362701015,
        "130-135": 0.0051694042255137,
        "135-140": 0.0114613820739912,
        "140-145": 0.0287207849476667,
        "145-150": 0.0350929296911801,
        "150-155": 0.0506100380919338,
        "155-160": 0.079346543362607,
        "160-165": 0.142281864905256,
        "165-170": 0.213142488285964,
        "170-175": 0.166410976558976,
        "175-180": 0.120427900915516,
        "180-185": 0.0627392984161724,
        "185-190": 0.0345499088829043,
        "190-195": 0.0169780969520943,
        "195-200": 0.0085595985321849,
        "200-205": 0.0047216275777721,
        "205-210": 0.002464223303166,
        "210-220": 0.0021265045813212,
        "220-230": 0.0007886284697877,
        "230-240": 0.0008224785596536,
        "240-250": 0.001071035467188,
        "250-260": 0.0008639892486188,
        "260-270": 0.0002448644119272,
        "270-280": 0.0,